Variable,W,p_value
co2_per_capita,0.8729465855970138,8.003660855141383e-4
renewables_share_energy,0.7685349222512834,5.21973138142611e-6
energy_per_capita,0.8469525718450215,1.968060652354196e-4
